{
  "date": "2021-02-01T17:19:55.281Z",
  "title": "Receita: Crackers de Sementes",
  "thumbnail": "/img/uploads/flax-seed-crackers-6.jpg",
  "body": "![](/img/uploads/flax-seed-crackers-6.jpg)\n\n**Crackers de Sementes – uma receita fácil e nutritiva!**\n\nIngredientes\n\n\\- 1/2 xícara de sementes de abóbora;\n\n\\- 1 xícara de Farinha de Linhaça Ceifeiro;\n\n\\- 1/3 de xícara de Gergelim Branco Ceifeiro;\n\n\\- 1/4 de xícara de Semente de Chia Ceifeiro;\n\n\\- 1 colher de chá de sal;\n\n\\- 1 1/4 de xícara de água.\n\nPreparo\n\n\\- Pré-aqueça o forno a 180°C;\n\n\\- Em um processador ou liquidificador, triture as sementes de abóbora, até que se torne uma farinha grossa;\n\n\\- Em uma tigela grande, adicione a farinha de abóbora e todos os ingredientes restantes;\n\n\\- Mexa por um minuto, até que vire uma pasta;\n\n\\- Espalhe a massa em uma folha de papel manteiga, com o auxílio de plástico filme (por cima) e utilizando o rolo de massa;\n\n\\- Após atingir a espessura desejada, retire o plástico filme e corte no formato desejado, com o auxílio de uma faca;\n\n\\- Coloque para assar em uma forma, ainda no papel manteiga;\n\n\\- Após assar, retire delicadamente do papel manteiga.\n\nBom apetite!\n\nSalve esse post para não esquecer de preparar sua receita.\n\nAdquira os produtos Ceifeiro utilizados nesta receita no nosso site: [www.lojaceifeiro.com.br](http://www.lojaceifeiro.com.br)\n\n<!--EndFragment-->",
  "description": "Prepare essa receita e tenha bolachas ricas em fibras para a semana toda.",
  "sections": []
}