{
  "date": "2021-04-01T18:55:27.540Z",
  "body": "Ingredientes:\n\n* 80g de Manteiga de Cacau\n* 50g de Açúcar Mascavo\n* 50g de Cacau em pó\n\nRecheio 1\n\n* 1 xícara de amêndoas\n* 1 colher de sopa de óleo de coco\n* 60ml de água\n* 1/2 colher de chá de essência de baunilha\n\nRecheio 2\n\n* 150g de leite de coco\n* 4 colheres de sopa de cacau em pó\n* 20g de chocolate meio amargo derretido em banho maria\n* 1 colher de sopa de óleo de coco\n\nInstruções:\n1 - Derreta a manteiga de cacau em banho maria, em fogo baixo. Misture a manteiga ao açúcar, lentamente até que fique homogêneo.\n\n2 - Adicione o cacau em pó à mistura, manualmente ou com mixer.\n\n3 - Usando um pincel, pincele uma camada espessa da mistura achocolatada na forma de ovo de páscoa e coloque na geladeira até que esfrie. Conforme esfriar, passe outra camada e repita o processo até que fique como desejado. Repita este processo em cada uma das metades do ovo.\n\n4 - Coloque todos os ingredientes do recheio 1 no liquidificador até que fique suave e cremoso.\n\n5 - Recheie metade do ovo com a mistura cremosa (recheio 1) e coloque na geladeira por 10 minutos. \n\n6 - Misture todos os ingredientes do recheio 2 no liquidificador e coloque na outra metade do ovo. Leve à geladeira para esfriar.\n\nJuntando as metades do ovo:\nPincele as bordas de cada metade com a mistura do chocolate meio amargo e junte as duas gentilmente. Leve à geladeira em seguida.",
  "description": "Delicioso ovo de páscoa para você fazer em casa!",
  "title": "Ovo de Páscoa Vegano",
  "thumbnail": "/img/uploads/dsc2542.jpg"
}