{
  "date": "2020-09-09T16:32:01.139Z",
  "thumbnail": "/img/uploads/bolo-cenoura.jpg",
  "body": "<!--StartFragment-->\n\n![](/img/uploads/bolo-cenoura.jpg)\n\nIngredientes:\n\n* 2 cenouras raladas ou picadas;\n* 4 ovos;\n* 2 colheres sopa de manteiga ghee derretida;\n* 3/4 de xícara de [Açúcar Mascavo Ceifeiro](https://lojaceifeiro.netlify.app/acucar-mascavo);\n* 100ml de leite de coco;\n* 1/2 coco ralado;\n* 1 xícara de farinha integral;\n* 1 xícara de [Farelo de Aveia Ceifeiro](https://lojaceifeiro.netlify.app/aveiasceifeiro);\n* 1 colher sopa de fermento em pó.\\\n  \\\n  Cobertura\n* 40g de chocolate 70% a 100% cacau;\n* 1 colher sopa de cacau em pó;\n* 100ml de leite de coco;\n\nPreparo\n\nPré-aqueça o forno a 180°C.\n\nMisture todos os ingredientes, com exceção do fermento, que deverá ser misturado manualmente. \n\nA cobertura deve ser cozida em fogo baixo, mexendo sempre. Quando adquirir consistência satisfatória, está prontinho! \n\nAsse por 40 minutos. Faça o teste do palito. \n\nBom apetite! \n\n<!--EndFragment-->",
  "meta_title": "Bolo de Cenoura",
  "meta_description": "Receita de bolo de cenoura com aveia, açúcar mascavo e cacau.",
  "title": "Receita: Bolo de Cenoura com Aveia e Cacau.",
  "sections": [],
  "description": "Nada como um bolo para acompanhar aquele cafezinho da tarde! O bolo de cenoura é uma verdadeira preferência da maioria, mas e se for saudável? Então ele fica incrível!"
}