{
  "date": "2022-01-12T19:08:12.855Z",
  "title": "Receita: Cookies de Corn Floks",
  "thumbnail": "/img/uploads/cookies-corn-floks-ceifeiro.jpeg",
  "description": "Cookies de Corn Floks Ceifeiro (Flocos de Milho)",
  "body": "![](/img/uploads/cookies-corn-floks-ceifeiro.jpeg)\n\nIngredientes:\n\n* 1 xícara de Açúcar Mascavo Ceifeiro;\n* 2 colheres de sopa de manteiga sem sal;\n* 200g de farinha de trigo;\n* 1 colher rasa de fermento em pó químico;\n* 1 ovo;\n* 120g de Corn Floks Ceifeiro (1 pacote);\n\nPré-aqueça o forno a 200ºC.\n\nBata a manteiga e o açúcar até formar um creme. Junte o ovo e volte a bater. Adicione a farinha e o fermento, misturando bem. Junte os flocos de milho e mexa suavemente.\nCom uma colher, retire pequenas porções da massa e transfira para uma forma antiaderente. \nLeve ao forno por cerca de 15min, ou até estarem douradinhos. \nRetire do forno e deixe esfriar em uma grelha, para em seguida armazenar em recipiente hermético.",
  "meta_title": "Cookies de Corn Floks Ceifeiro (Flocos de Milho)",
  "meta_description": "Cookies de Corn Floks Ceifeiro (Flocos de Milho)",
  "sections": []
}