{
  "date": "2020-09-01T18:04:22.963Z",
  "title": "Receita: Dadinhos de Tapioca na Air Fryer",
  "thumbnail": "/img/uploads/tapioca-dice-typical-northeast-brazilian-food-with-chilli-sugar-syrup-wooden-board_92534-177.jpg",
  "description": "Dadinhos de tapioca é uma das nossas receitas mais queridas. Além de super fácil de fazer, fica simplesmente uma delícia, e toda a família adora!\nHoje você vai aprender a fazer na air fryer. Vem com a gente! ",
  "body": "![](/img/uploads/tapioca-dice-typical-northeast-brazilian-food-with-chilli-sugar-syrup-wooden-board_92534-177.jpg)\n\nDadinhos de tapioca é a uma das nossas receitas mais queridas. Além de super fácil de fazer, fica simplesmente uma delícia, e toda a família adora!\nHoje você vai aprender a fazer na air fryer. Vem com a gente! \n\n**Dadinhos de Tapioca - assados da air fryer.**\n\nIngredientes:\n\n* 50g de [Flocos de Tapioca Ceifeiro;](https://lojaceifeiro.netlify.app/flocos-de-tapioca-do-para)\n* 100ml de leite quente;\n* 50g de queijo de coalho ou minas ralado;\n* Sal a gosto;\n* [Semente de Chia Ceifeiro](https://lojaceifeiro.netlify.app/sementedechia) a gosto.\n\nPreparo:\nMisture todos os ingredientes em um refratário, aguardando por 10 minutos para então cortas em cubos. \nLeve os cubinhos para assar na air fryer a 200 graus, até dourar. Fica molhadinho por dentro e crocante por fora.",
  "meta_title": "Receita: Dadinhos de Tapioca na Air Fryer",
  "meta_description": "Receita: Dadinhos de Tapioca na Air Fryer",
  "sections": []
}