{
  "date": "2021-03-10T14:45:52.685Z",
  "title": "Revenda Ceifeiro",
  "description": "Como comprar da Ceifeiro:\nVocê já conhece os nossos produtos e deseja adquiri-los para o seu negócio?\n",
  "body": "Estamos aqui para auxiliá-lo e iniciarmos essa jornada de relacionamento.\n\nAcesse o nosso catálogo de produtos on line: [Portfólio Ceifeiro Alimentos.](https://drive.google.com/drive/folders/1juzVW7nNrrDO66rZrofKFiuj4OPulu65?usp=sharing)\n\nEm qual categoria você se encontra? Fale conosco para tirar todas as dúvidas. Te aguardamos!\n\n1- Revendedor Lojista\n\nChegou a hora de fortalecer a sua seção de produtos naturais e integrais. Os produtos Ceifeiro são saudáveis e os seus clientes com certeza estão à procura deles. Fale conosco para enviarmos o nosso portfólio e agendarmos uma visita.\n\n2 - Hotéis\n\nAcordar com um café-da-manhã completo é maravilhoso, ainda mais com granolas de qualidade, sementes integrais, flocos de tapioca e no almoço um delicioso arroz integral! Conte com a Ceifeiro para encantar os seus hóspedes.\n\n3 - Açaiterias\n\nSe o seu o seu negócio é açai, estamos com você! Temos as melhores granolas em embalagens de 5kg para atender o seu estoque de forma variada e econômica. Além das granolas que fazem parte da nossa linha de produtos, você também conta com a Granola Mix que é especial para ser adicionada ao açaí.\n\n4 - Restaurantes\n\nOfereça sucos, sobremesas, ou revenda nossas granolas em seu estabelecimento. A procura por opções saudáveis tem crescido cada vez mais, por isso o seu cardápio não pode ficar de fora.\n\n\\--",
  "meta_title": "Revenda Ceifeiro",
  "thumbnail": "/img/uploads/revenda-ceifeiro.png",
  "sections": [
    {
      "type": "collection-shelf",
      "shuffle": false,
      "limit": 12,
      "page": 1,
      "collection_id": "5ef5043414ff772fde7b756b:categories:Aveia:/aveiasceifeiro"
    }
  ]
}