{
  "title": "A Ceifeiro",
  "meta_title": "Saiba mais sobre a Ceifeiro Alimentos",
  "meta_description": "",
  "body": "A Ceifeiro Alimentos iniciou sua história de sucesso no ano de 1989, aproveitando toda a experiência de seus fundadores que já atuavam no ramo de alimentação saudável. Tudo começou na cozinha de uma residência, mas, devido ao grande sucesso, a empresa se estabeleceu em sua atual localização, um moderno galpão com a área ideal para produção e desenvolvimento de novos produtos. \n\n**A missão da empresa** é proporcionar bem estar e qualidade de vida por meio de alimentos saudáveis e saborosos.\n\nA Ceifeiro Alimentos produz linhas diversificadas de biscoitos e cookies integrais, granolas, aveias, farinhas, chia, linhaça, gergelim, guaraná em pó, flocos de tapioca, óleo de coco e arroz integral. A empresa é pioneira na sua área da atuação no Ceará, além de ser referência de mercado nos quesitos sabor e qualidade.\n\n**EVOLUÇÃO CONTÍNUA**\n\nTodos os seus produtos passam por rigoroso controle de qualidade e atendem todas as normas da Vigilância Sanitária, pois são processados segundo as Boas Práticas de Fabricação na manipulação de alimentos. \n\nCom forte atuação no mercado cearense, os produtos da Ceifeiro Alimentos também são comercializados nos demais Estados do Nordeste, assim como em alguns Estados da região Norte.\n\nA empresa atende a diferentes nichos de mercado, como pessoas físicas, indústrias, lojas de conveniência, supermercados, redes de atacarejo, profissionais de nutrição e lojas especializadas em alimentação saudável.\n\nToda essa gama de clientes é atendida de maneira personalizada e eficiente, desde o primeiro atendimento até a entrega e acompanhamento pós-venda.",
  "sections": []
}