{
  "meta_title": "Ceifeiro Alimentos Integrais",
  "meta_description": "A Ceifeiro Alimentos produz linhas diversificadas de biscoitos e cookies integrais, granolas, aveias, farinhas, chia, linhaça, gergelim, guaraná em pó, flocos de tapioca, óleo de coco e arroz integral. ",
  "sections": [
    {
      "type": "banner-slider",
      "autoplay": 9000,
      "full_width": true,
      "slides": [
        {
          "start": "2022-01-12T17:46:47.121Z",
          "end": "2023-01-12T17:46:00.000Z",
          "img": "/img/uploads/jan2022-5.png"
        }
      ]
    },
    {
      "type": "banner-slider",
      "autoplay": 9000,
      "full_width": true,
      "slides": [
        {
          "start": "2022-01-12T18:10:41.361Z",
          "end": "2023-01-12T18:10:00.000Z",
          "img": "/img/uploads/jan2022-7.png"
        }
      ]
    },
    {
      "type": "banner-slider",
      "autoplay": 9000,
      "full_width": true,
      "slides": [
        {
          "start": "2022-01-12T18:11:52.397Z",
          "end": "2023-11-30T18:11:00.000Z",
          "img": "/img/uploads/jan2022-8.png"
        }
      ]
    },
    {
      "type": "banner-slider",
      "autoplay": 9000,
      "full_width": true,
      "slides": [
        {
          "start": "2022-01-12T18:59:19.338Z",
          "end": "2023-01-12T18:59:00.000Z",
          "img": "/img/uploads/jan2022-6.png"
        }
      ]
    },
    {
      "type": "blog",
      "enabled": false
    }
  ]
}